TransactionAmount,CustomerAge,TransactionDuration,LoginAttempts,AccountBalance,TransactionDate,TransactionType,Location,IP Address,Channel,CustomerOccupation,PreviousTransactionDate,TransactionAmount_Binned,CustomerAge_Binned,Target
376.24,68.0,141.0,1.0,13758.91,2023-06-27 16:44:19,Debit,Houston,13.149.61.4,ATM,Doctor,2024-11-04 08:09:35,Low,Young,3.0
106.23000000000002,51.0,86.0,1.0,9095.14,2023-03-31 16:06:57,Debit,Nashville,32.169.88.41,ATM,Doctor,2024-11-04 08:06:32,Low,Young,3.0
877.81,22.0,150.0,1.0,399.0,2023-01-24 17:17:20,Debit,Oklahoma City,49.20.211.229,Online,Retired,2024-11-04 08:07:32,Low,Young,0.0
255.26,45.0,50.0,1.0,14815.87,2023-07-31 18:39:50,Debit,San Antonio,6.234.101.35,ATM,Retired,2024-11-04 08:07:31,Low,Young,3.0
335.63,55.0,216.0,1.0,1019.3899999999999,2023-10-04 17:49:29,Debit,Chicago,197.162.55.147,Branch,Retired,2024-11-04 08:11:12,Low,Young,3.0
304.31,27.0,33.0,1.0,868.6099999999997,2023-02-13 16:59:39,Credit,Kansas City,139.23.212.102,Online,Retired,2024-11-04 08:07:07,Low,Young,3.0
424.56,51.0,264.0,1.0,5183.85,2023-06-09 16:18:15,Debit,Indianapolis,186.54.68.246,Branch,Engineer,2024-11-04 08:07:09,Low,Young,3.0
169.5,28.0,142.0,1.0,918.8800000000001,2023-11-07 16:48:23,Debit,Las Vegas,9.230.41.239,Online,Engineer,2024-11-04 08:08:09,Low,Young,3.0
104.63,62.0,90.0,1.0,4477.78,2023-05-30 17:43:25,Credit,Philadelphia,125.225.212.244,Branch,Engineer,2024-11-04 08:08:01,Low,Young,3.0
292.56,68.0,61.00000000000001,1.0,4638.37,2023-04-25 16:11:24,Debit,Indianapolis,92.214.76.157,Branch,Retired,2024-11-04 08:10:12,Low,Young,0.0
233.92,26.0,280.0,1.0,6537.62,2023-09-14 16:49:33,Credit,Milwaukee,101.223.82.253,Online,Retired,2024-11-04 08:08:12,Low,Young,3.0
1340.19,54.0,30.0,1.0,8654.28,2023-11-30 16:31:03,Debit,Colorado Springs,96.115.67.230,Online,Engineer,2024-11-04 08:10:48,Low,Young,3.0
644.17,29.0,72.0,1.0,1143.5199999999995,2023-10-09 17:02:43,Credit,Austin,85.240.254.83,Online,Doctor,2024-11-04 08:12:18,Low,Young,3.0
98.54000000000002,20.0,167.0,1.0,9383.43,2023-09-04 16:48:35,Debit,Philadelphia,92.214.76.157,Branch,Doctor,2024-11-04 08:10:13,Low,Young,3.0
306.9,46.0,51.0,1.0,9418.08,2023-09-25 17:13:36,Credit,San Antonio,203.99.96.114,Branch,Retired,2024-11-04 08:11:55,Low,Young,0.0
503.76,22.0,35.0,1.0,447.8199999999997,2023-08-21 16:46:05,Debit,Albuquerque,62.251.170.72,ATM,Doctor,2024-11-04 08:09:32,Low,Young,3.0
56.97999999999999,43.0,122.0,2.0,5688.37,2023-07-28 16:29:23,Debit,Memphis,140.212.253.222,ATM,Doctor,2024-11-04 08:10:23,Low,Young,3.0
317.87,27.0,91.0,1.0,145.5,2023-11-03 16:45:52,Debit,San Francisco,210.160.90.52,Branch,Doctor,2024-11-04 08:09:41,Low,Young,3.0
598.81,57.0,158.0,1.0,1415.52,2023-04-17 16:08:34,Credit,Memphis,191.91.45.159,Branch,Doctor,2024-11-04 08:08:40,Low,Young,3.0
415.5,66.0,141.0,1.0,10113.66,2023-11-13 16:11:52,Debit,Jacksonville,156.173.170.140,Branch,Retired,2024-11-04 08:08:00,Low,Young,3.0
332.93,35.0,293.0,1.0,2788.2,2023-01-30 16:15:49,Debit,Portland,30.229.179.194,ATM,Engineer,2024-11-04 08:08:21,Low,Young,3.0
267.9,20.0,160.0,1.0,596.1599999999999,2023-03-02 16:11:53,Debit,Mesa,200.22.195.243,ATM,Retired,2024-11-04 08:12:15,Low,Young,3.0
28.529999999999973,62.0,99.0,1.0,8670.53,2023-07-31 16:25:26,Debit,Colorado Springs,35.220.238.127,Branch,Retired,2024-11-04 08:08:01,Low,Young,3.0
60.650000000000006,56.0,53.0,1.0,1047.2799999999997,2023-11-15 18:57:38,Debit,Tucson,179.43.245.131,Branch,Engineer,2024-11-04 08:08:42,Low,Young,3.0
126.20999999999998,75.0,268.0,1.0,5669.66,2023-02-06 17:46:59,Debit,Houston,140.212.253.222,ATM,Engineer,2024-11-04 08:11:46,Low,Young,3.0
506.28,53.0,162.0,2.0,1309.9499999999998,2023-02-17 18:16:05,Debit,Kansas City,166.7.230.111,ATM,Doctor,2024-11-04 08:07:31,Low,Young,3.0
304.35,31.0,36.0,1.0,4057.1,2023-02-24 16:23:22,Debit,Portland,21.190.11.223,ATM,Doctor,2024-11-04 08:08:15,Low,Young,1.0
281.85,22.0,109.0,1.0,1585.98,2023-12-07 16:20:08,Debit,Milwaukee,27.143.109.203,ATM,Retired,2024-11-04 08:07:23,Low,Young,3.0
260.88,22.0,36.0,1.0,903.0500000000002,2023-01-06 17:01:53,Debit,Omaha,78.100.105.143,ATM,Doctor,2024-11-04 08:10:07,Low,Young,3.0
73.23000000000002,26.0,13.999999999999986,1.0,787.7399999999998,2023-11-28 16:49:27,Credit,Milwaukee,91.204.200.167,Online,Retired,2024-11-04 08:08:02,Low,Young,3.0
1362.5500000000002,29.0,106.0,1.0,2429.68,2023-07-10 17:15:27,Debit,Columbus,188.205.152.176,ATM,Retired,2024-11-04 08:10:31,Low,Young,3.0
237.06,71.0,46.0,1.0,1182.7699999999995,2023-01-13 16:44:26,Debit,Chicago,136.104.90.223,ATM,Engineer,2024-11-04 08:11:40,Low,Young,3.0
34.170000000000016,54.0,54.0,1.0,726.5500000000002,2023-12-19 16:55:17,Debit,Indianapolis,129.102.184.189,Branch,Retired,2024-11-04 08:10:02,Low,Young,3.0
215.9,38.0,235.0,1.0,7873.28,2023-11-27 16:05:27,Debit,Memphis,107.247.202.71,Branch,Engineer,2024-11-04 08:10:54,Low,Young,3.0
493.11,53.0,236.0,1.0,7432.99,2023-09-12 16:43:27,Credit,Virginia Beach,62.152.134.92,Online,Doctor,2024-11-04 08:08:33,Low,Young,3.0
11.180000000000007,43.0,161.0,1.0,5956.89,2023-09-04 18:13:25,Debit,Phoenix,177.116.108.246,Online,Engineer,2024-11-04 08:09:35,Low,Young,3.0
313.82,59.0,151.0,1.0,7261.59,2023-12-22 16:27:49,Debit,San Francisco,124.180.225.109,Branch,Retired,2024-11-04 08:09:59,Low,Young,3.0
485.54,46.0,143.0,1.0,6371.51,2023-09-06 16:28:38,Debit,Memphis,80.92.209.207,ATM,Doctor,2024-11-04 08:08:15,Low,Young,3.0
521.15,54.0,214.0,1.0,9442.47,2023-05-26 18:12:50,Credit,Portland,201.114.165.141,Branch,Engineer,2024-11-04 08:07:23,Low,Young,0.0
694.2,61.0,72.0,1.0,1389.37,2023-07-19 16:57:01,Debit,Sacramento,82.75.200.117,Branch,Retired,2024-11-04 08:11:58,Low,Young,3.0
547.87,64.0,131.0,1.0,6155.76,2023-10-31 16:48:01,Debit,New York,207.157.126.125,Branch,Doctor,2024-11-04 08:06:28,Low,Young,3.0
506.24,58.0,64.0,1.0,230.09000000000015,2023-09-05 16:55:47,Debit,Fresno,164.75.163.220,Branch,Retired,2024-11-04 08:07:36,Low,Young,3.0
163.68,41.0,292.0,1.0,10090.05,2023-10-16 16:15:54,Debit,Washington,112.56.160.202,Branch,Engineer,2024-11-04 08:12:04,Low,Young,3.0
736.73,48.0,10.0,1.0,3313.07,2023-10-09 18:28:04,Debit,Las Vegas,198.39.35.23,ATM,Retired,2024-11-04 08:11:16,Low,Young,3.0
368.91,54.0,13.999999999999986,1.0,829.71,2023-12-01 18:46:28,Debit,Dallas,173.232.121.213,Online,Retired,2024-11-04 08:07:25,Low,Young,3.0
73.55000000000001,51.0,158.0,1.0,2812.06,2023-06-16 17:21:15,Debit,Virginia Beach,192.95.36.246,Branch,Retired,2024-11-04 08:09:07,Low,Young,0.0
218.96,18.0,13.0,1.0,754.21,2023-04-27 17:30:16,Debit,San Diego,152.140.239.181,Branch,Doctor,2024-11-04 08:08:01,Low,Young,3.0
237.99,39.0,86.0,1.0,8510.09,2023-02-10 17:06:40,Debit,Los Angeles,200.164.13.160,Branch,Doctor,2024-11-04 08:06:33,Low,Young,3.0
312.88,54.0,44.0,1.0,233.21000000000004,2023-04-18 17:43:50,Debit,Columbus,55.154.161.250,Online,Engineer,2024-11-04 08:10:05,Low,Young,3.0
97.98000000000002,72.0,18.0,1.0,7460.33,2023-11-06 17:23:08,Debit,Chicago,87.234.36.48,ATM,Retired,2024-11-04 08:10:00,Low,Young,3.0
362.04,58.0,198.0,2.0,8421.88,2023-09-22 16:42:15,Debit,San Antonio,48.19.99.211,Online,Engineer,2024-11-04 08:06:44,Low,Young,3.0
151.19,37.0,96.0,1.0,11903.82,2023-05-02 16:14:22,Debit,Nashville,76.0.164.168,Branch,Retired,2024-11-04 08:06:34,Low,Young,0.0
34.74000000000001,56.0,24.0,1.0,6827.57,2023-07-17 16:57:14,Debit,Austin,136.104.90.223,Branch,Retired,2024-11-04 08:09:35,Low,Young,3.0
689.54,27.0,93.0,1.0,1633.7600000000002,2023-05-17 17:00:34,Debit,Phoenix,4.105.134.118,Online,Retired,2024-11-04 08:09:42,Low,Young,3.0
211.18,73.0,90.0,1.0,4069.17,2023-04-03 16:37:24,Debit,Colorado Springs,70.130.169.235,ATM,Retired,2024-11-04 08:09:39,Low,Young,3.0
211.36,51.0,286.0,1.0,7943.47,2023-09-12 16:28:38,Debit,Denver,211.97.88.141,ATM,Retired,2024-11-04 08:09:26,Low,Young,3.0
415.88,70.0,170.0,1.0,10008.33,2023-05-03 17:04:32,Debit,Atlanta,175.166.115.182,ATM,Doctor,2024-11-04 08:07:46,Low,Young,3.0
22.629999999999995,53.0,112.0,1.0,4438.03,2023-10-10 17:07:27,Debit,Colorado Springs,120.32.147.210,ATM,Engineer,2024-11-04 08:09:16,Low,Young,3.0
288.17,37.0,50.0,1.0,3653.11,2023-06-19 16:46:11,Credit,Tucson,20.147.6.179,Branch,Doctor,2024-11-04 08:11:13,Low,Young,3.0
118.76999999999998,55.0,123.0,1.0,2104.82,2023-09-26 18:36:46,Credit,Omaha,101.223.82.253,ATM,Doctor,2024-11-04 08:10:01,Low,Young,3.0
33.889999999999986,26.0,177.0,1.0,1444.75,2023-08-07 16:40:02,Credit,Albuquerque,112.222.0.29,Online,Doctor,2024-11-04 08:07:01,Low,Young,3.0
147.4,42.0,259.0,1.0,6797.71,2023-08-24 18:54:06,Debit,Philadelphia,80.92.209.207,ATM,Retired,2024-11-04 08:06:33,Low,Young,3.0
131.43000000000004,43.0,65.0,1.0,1337.5,2023-07-03 16:48:21,Credit,Omaha,161.71.2.223,Online,Retired,2024-11-04 08:09:21,Low,Young,3.0
643.22,64.0,93.0,1.0,1035.8600000000001,2023-01-30 17:47:18,Debit,Milwaukee,143.212.47.226,Branch,Retired,2024-11-04 08:08:44,Low,Young,3.0
1392.54,41.0,297.0,1.0,13347.69,2023-05-11 16:30:04,Debit,Atlanta,163.58.140.206,Online,Retired,2024-11-04 08:11:18,Low,Young,3.0
13.70999999999998,38.0,148.0,1.0,8342.79,2023-07-25 18:41:02,Debit,Columbus,64.57.44.102,ATM,Engineer,2024-11-04 08:10:58,Low,Young,3.0
39.65999999999997,52.0,169.0,1.0,8497.34,2023-07-20 16:58:05,Credit,Omaha,214.67.148.245,Online,Retired,2024-11-04 08:06:35,Low,Young,3.0
123.85,56.0,244.0,1.0,3959.62,2023-05-02 17:13:45,Credit,Fresno,142.184.68.230,Branch,Retired,2024-11-04 08:06:58,Low,Young,0.0
426.93,19.0,248.0,1.0,476.1899999999996,2023-01-12 17:57:06,Debit,Oklahoma City,210.160.90.52,ATM,Doctor,2024-11-04 08:11:36,Low,Young,3.0
222.39,49.0,73.0,1.0,3117.39,2023-05-22 17:34:50,Debit,Milwaukee,216.32.4.105,ATM,Retired,2024-11-04 08:11:49,Low,Young,3.0
826.23,29.0,209.0,1.0,7580.59,2023-02-27 17:14:10,Debit,Milwaukee,86.220.59.252,Online,Doctor,2024-11-04 08:10:16,Low,Young,3.0
268.39,26.0,171.0,1.0,136.73999999999978,2023-09-20 16:59:45,Debit,Detroit,94.227.164.192,Online,Engineer,2024-11-04 08:06:26,Low,Young,3.0
712.75,44.0,25.0,1.0,8126.06,2023-11-27 16:21:20,Credit,Philadelphia,135.29.211.116,Branch,Retired,2024-11-04 08:11:24,Low,Young,0.0
364.42,51.0,146.0,1.0,8119.73,2023-09-28 17:53:43,Debit,Raleigh,54.252.249.33,Online,Retired,2024-11-04 08:08:26,Low,Young,3.0
242.39,18.0,271.0,1.0,1328.73,2023-02-21 16:14:16,Debit,San Francisco,51.196.87.214,Online,Engineer,2024-11-04 08:09:05,Low,Young,3.0
135.03,23.0,180.0,1.0,1278.0,2023-01-18 17:03:54,Debit,Kansas City,134.140.85.231,ATM,Retired,2024-11-04 08:10:57,Low,Young,0.0
153.4,45.0,144.0,1.0,4657.7,2023-12-05 17:51:28,Debit,Oklahoma City,178.34.103.183,Online,Doctor,2024-11-04 08:06:35,Low,Young,3.0
946.94,53.0,251.0,1.0,5579.11,2023-03-13 16:41:12,Debit,Mesa,199.103.32.145,Online,Engineer,2024-11-04 08:09:14,Low,Young,3.0
5.1200000000000045,34.0,90.0,1.0,3293.01,2023-01-31 16:58:42,Debit,Milwaukee,83.182.211.68,Online,Retired,2024-11-04 08:07:40,Low,Young,0.0
79.75999999999999,39.0,170.0,1.0,6452.14,2023-05-25 16:52:57,Credit,Nashville,21.97.154.92,Online,Engineer,2024-11-04 08:08:45,Low,Young,3.0
293.97,68.0,153.0,1.0,7371.85,2023-12-11 16:57:41,Debit,Indianapolis,134.222.122.238,ATM,Doctor,2024-11-04 08:07:48,Low,Young,3.0
107.47,67.0,144.0,1.0,7517.5,2023-07-26 16:44:22,Debit,Denver,219.31.152.129,ATM,Doctor,2024-11-04 08:07:45,Low,Young,0.0
611.11,20.0,282.0,4.0,919.8400000000001,2023-03-24 18:50:42,Credit,Los Angeles,161.168.126.136,Online,Retired,2024-11-04 08:08:40,Low,Young,0.0
376.79,68.0,265.0,1.0,7749.14,2023-12-08 16:16:02,Debit,Nashville,152.234.65.155,Branch,Retired,2024-11-04 08:06:32,Low,Young,3.0
623.9,27.0,249.0,1.0,711.4700000000003,2023-04-27 16:27:41,Debit,Charlotte,197.23.128.119,ATM,Retired,2024-11-04 08:07:03,Low,Young,3.0
319.27,54.0,59.0,1.0,5504.01,2023-07-21 16:43:59,Credit,Chicago,5.252.94.135,Online,Retired,2024-11-04 08:11:27,Low,Young,3.0
366.21,62.0,181.0,1.0,10862.99,2023-09-19 16:55:00,Debit,Denver,215.97.143.157,ATM,Doctor,2024-11-04 08:11:45,Low,Young,3.0
710.14,26.0,227.0,1.0,465.6300000000001,2023-01-30 17:37:14,Credit,Miami,56.116.189.0,Online,Retired,2024-11-04 08:08:25,Low,Young,3.0
659.95,60.0,114.0,1.0,3927.69,2023-03-01 16:17:46,Debit,Raleigh,201.95.180.152,Branch,Retired,2024-11-04 08:08:20,Low,Young,3.0
286.5,30.0,60.0,1.0,8517.95,2023-09-20 16:37:48,Debit,Philadelphia,115.30.82.168,ATM,Engineer,2024-11-04 08:10:54,Low,Young,3.0
322.96,76.0,168.0,1.0,2401.59,2023-08-22 18:11:16,Credit,Atlanta,19.111.192.175,Branch,Retired,2024-11-04 08:11:57,Low,Young,3.0
254.77,57.0,57.0,1.0,5994.87,2023-08-29 18:30:36,Credit,Mesa,34.125.226.63,Online,Retired,2024-11-04 08:11:24,Low,Young,0.0
795.96,65.0,119.0,1.0,5468.58,2023-02-03 16:08:47,Credit,Boston,197.23.128.119,ATM,Retired,2024-11-04 08:08:17,Low,Young,0.0
1116.48,51.0,55.0,1.0,447.52999999999975,2023-05-01 17:11:47,Debit,Milwaukee,199.6.127.153,Online,Engineer,2024-11-04 08:08:14,Low,Young,0.0
539.81,46.0,177.0,1.0,2051.25,2023-09-28 17:18:26,Credit,Kansas City,162.151.179.167,Branch,Retired,2024-11-04 08:06:58,Low,Young,3.0
660.02,20.0,84.0,1.0,414.4300000000003,2023-07-31 17:04:29,Credit,Oklahoma City,183.39.94.209,Branch,Engineer,2024-11-04 08:07:30,Low,Young,3.0
143.54,71.0,80.0,1.0,6067.62,2023-12-06 17:10:35,Debit,Denver,6.44.165.160,Online,Engineer,2024-11-04 08:10:44,Low,Young,3.0
120.24000000000001,18.0,131.0,2.0,1943.13,2023-11-13 17:07:10,Debit,Portland,77.21.150.75,Online,Engineer,2024-11-04 08:07:50,Low,Young,3.0
498.67,28.0,244.0,1.0,1719.9700000000003,2023-12-18 16:33:01,Debit,Kansas City,13.188.62.74,Branch,Doctor,2024-11-04 08:10:34,Low,Young,3.0
56.94,76.0,74.0,1.0,7004.63,2023-10-23 17:17:18,Debit,New York,104.165.213.58,Branch,Retired,2024-11-04 08:07:56,Low,Young,3.0
59.44,35.0,176.0,1.0,5472.03,2023-03-20 16:28:17,Debit,San Francisco,182.84.41.229,ATM,Engineer,2024-11-04 08:10:16,Low,Young,3.0
186.69,30.0,54.0,1.0,8602.22,2023-02-17 16:57:11,Debit,Fresno,56.116.189.0,Branch,Doctor,2024-11-04 08:08:38,Low,Young,3.0
204.56,18.0,179.0,1.0,364.72000000000025,2023-10-16 17:46:51,Debit,Nashville,194.88.79.54,Branch,Retired,2024-11-04 08:06:50,Low,Young,3.0
119.88999999999999,67.0,60.0,1.0,6697.77,2023-07-24 16:25:51,Debit,San Antonio,141.241.241.128,ATM,Doctor,2024-11-04 08:06:35,Low,Young,1.0
365.7,21.0,115.0,2.0,368.77999999999975,2023-01-30 16:08:07,Credit,Chicago,57.232.212.116,Branch,Retired,2024-11-04 08:10:49,Low,Young,0.0
104.79000000000002,70.0,223.0,1.0,1352.19,2023-07-26 16:05:48,Debit,Kansas City,197.23.128.119,Branch,Doctor,2024-11-04 08:10:16,Low,Young,3.0
118.1,54.0,167.0,1.0,895.6599999999999,2023-11-14 17:23:43,Debit,Los Angeles,99.205.173.118,ATM,Doctor,2024-11-04 08:08:16,Low,Young,3.0
10.649999999999977,54.0,161.0,1.0,13240.72,2023-12-04 18:27:11,Debit,Nashville,45.241.13.208,ATM,Engineer,2024-11-04 08:07:51,Low,Young,3.0
107.03,27.0,73.0,1.0,1408.0699999999997,2023-02-21 16:02:33,Debit,Oklahoma City,40.244.94.218,ATM,Retired,2024-11-04 08:08:15,Low,Young,3.0
346.11,41.0,213.0,1.0,9551.64,2023-06-09 17:12:09,Debit,San Jose,134.222.122.238,Online,Retired,2024-11-04 08:11:22,Low,Young,3.0
138.06,44.0,159.0,1.0,1070.4700000000003,2023-01-11 16:58:02,Debit,Tucson,7.28.148.225,Online,Retired,2024-11-04 08:08:49,Low,Young,3.0
175.07,26.0,169.0,1.0,1040.25,2023-11-30 17:53:48,Debit,San Diego,49.31.186.82,ATM,Retired,2024-11-04 08:07:50,Low,Young,3.0
7.310000000000002,78.0,282.0,1.0,5757.67,2023-07-13 17:50:13,Debit,San Antonio,166.41.54.117,Online,Retired,2024-11-04 08:09:05,Low,Young,0.0
56.119999999999976,30.0,102.0,1.0,8839.67,2023-03-03 17:18:59,Credit,Fresno,47.82.77.181,Branch,Doctor,2024-11-04 08:07:28,Low,Young,3.0
424.7,56.0,178.0,1.0,6239.89,2023-12-25 16:28:20,Credit,Indianapolis,104.155.121.252,Online,Engineer,2024-11-04 08:08:36,Low,Young,3.0
1342.25,21.0,235.0,1.0,694.0299999999997,2023-11-23 17:44:29,Debit,San Francisco,90.111.245.138,ATM,Doctor,2024-11-04 08:09:18,Low,Young,3.0
139.03,50.0,81.0,1.0,2276.57,2023-07-07 17:19:39,Debit,Las Vegas,207.157.126.125,ATM,Doctor,2024-11-04 08:12:05,Low,Young,3.0
580.71,53.0,95.0,1.0,5670.0,2023-06-20 16:27:07,Debit,Columbus,213.207.62.176,Online,Retired,2024-11-04 08:12:12,Low,Young,3.0
135.57,51.0,116.0,1.0,11351.64,2023-08-28 17:34:17,Debit,Colorado Springs,218.83.2.94,ATM,Engineer,2024-11-04 08:08:00,Low,Young,3.0
71.53000000000003,68.0,39.0,1.0,2393.73,2023-12-29 17:17:48,Debit,Jacksonville,147.125.143.41,ATM,Retired,2024-11-04 08:09:18,Low,Young,3.0
56.889999999999986,59.0,56.0,1.0,3034.67,2023-08-14 18:01:36,Credit,Memphis,93.169.212.219,Online,Engineer,2024-11-04 08:10:51,Low,Young,3.0
391.96,64.0,79.0,1.0,2174.16,2023-12-07 18:28:50,Credit,Nashville,82.115.199.37,Branch,Retired,2024-11-04 08:08:27,Low,Young,3.0
156.26,46.0,160.0,1.0,7854.1,2023-05-01 17:31:34,Credit,Sacramento,119.163.214.161,Online,Doctor,2024-11-04 08:07:58,Low,Young,3.0
67.57,37.0,107.0,1.0,2766.12,2023-06-19 18:12:16,Debit,San Diego,214.125.131.88,ATM,Retired,2024-11-04 08:06:34,Low,Young,3.0
326.29,56.0,179.0,1.0,8171.26,2023-10-31 17:06:08,Debit,Colorado Springs,107.248.120.12,Online,Engineer,2024-11-04 08:10:03,Low,Young,3.0
114.35,41.0,21.0,1.0,469.1199999999999,2023-04-07 17:37:34,Debit,El Paso,44.73.3.217,Branch,Doctor,2024-11-04 08:09:46,Low,Young,3.0
126.22,46.0,77.0,4.0,6133.41,2023-07-05 16:49:05,Debit,Virginia Beach,101.120.142.50,ATM,Retired,2024-11-04 08:08:07,Low,Young,0.0
197.49,53.0,30.0,1.0,5005.33,2023-08-10 18:30:37,Debit,San Jose,24.129.74.189,ATM,Retired,2024-11-04 08:10:46,Low,Young,3.0
637.97,58.0,90.0,1.0,7949.03,2023-07-24 16:07:05,Debit,Dallas,184.57.159.204,Branch,Retired,2024-11-04 08:08:51,Low,Young,3.0
139.72,49.0,201.0,1.0,5058.83,2023-05-10 16:38:07,Debit,Memphis,173.232.121.213,Online,Doctor,2024-11-04 08:09:45,Low,Young,3.0
568.76,51.0,155.0,1.0,7484.32,2023-11-14 16:37:42,Debit,Sacramento,6.204.110.7,Branch,Doctor,2024-11-04 08:09:00,Low,Young,3.0
261.69,53.0,84.0,1.0,5126.65,2023-07-03 18:46:29,Debit,San Francisco,179.132.235.182,ATM,Retired,2024-11-04 08:11:14,Low,Young,3.0
211.1,57.0,136.0,1.0,7059.77,2023-08-01 16:11:52,Debit,Kansas City,32.169.88.41,Online,Engineer,2024-11-04 08:06:32,Low,Young,3.0
313.65,55.0,173.0,1.0,1886.3599999999997,2023-08-22 16:31:34,Debit,Jacksonville,146.53.16.47,Online,Engineer,2024-11-04 08:12:11,Low,Young,3.0
194.29,39.0,10.0,1.0,2988.41,2023-05-19 18:32:45,Debit,Jacksonville,124.180.225.109,Online,Retired,2024-11-04 08:06:38,Low,Young,3.0
729.38,68.0,90.0,1.0,9127.65,2023-05-17 16:30:05,Debit,Detroit,54.252.249.33,Branch,Doctor,2024-11-04 08:07:39,Low,Young,1.0
321.93,45.0,12.0,1.0,4392.73,2023-07-06 16:04:39,Credit,Nashville,186.54.68.246,Branch,Retired,2024-11-04 08:10:34,Low,Young,0.0
319.17,73.0,81.0,1.0,6501.56,2023-01-23 17:22:25,Debit,Atlanta,14.200.197.126,Branch,Doctor,2024-11-04 08:11:06,Low,Young,3.0
84.34,58.0,248.0,3.0,5313.97,2023-12-12 17:41:53,Debit,Houston,155.37.19.43,ATM,Retired,2024-11-04 08:07:42,Low,Young,3.0
456.93,28.0,193.0,1.0,7284.76,2023-09-29 16:34:03,Credit,Virginia Beach,116.237.223.50,Branch,Engineer,2024-11-04 08:11:02,Low,Young,3.0
101.42000000000002,66.0,146.0,1.0,6530.59,2023-09-04 16:57:31,Debit,Las Vegas,131.41.45.13,ATM,Doctor,2024-11-04 08:09:20,Low,Young,3.0
300.61,44.0,51.0,1.0,7895.54,2023-02-27 17:06:36,Debit,New York,11.3.59.231,Branch,Engineer,2024-11-04 08:09:59,Low,Young,3.0
411.52,41.0,88.0,1.0,11108.39,2023-01-02 16:06:29,Debit,Seattle,40.226.196.34,Branch,Doctor,2024-11-04 08:08:56,Low,Young,3.0
199.47,57.0,142.0,1.0,6067.44,2023-05-02 16:03:23,Credit,Louisville,174.61.77.54,Branch,Doctor,2024-11-04 08:09:21,Low,Young,3.0
182.79,23.0,13.999999999999986,1.0,1251.85,2023-04-03 16:09:09,Debit,Raleigh,31.127.129.152,Branch,Doctor,2024-11-04 08:06:56,Low,Young,3.0
351.99,80.0,45.0,2.0,3663.64,2023-07-25 17:17:49,Debit,Charlotte,32.13.122.242,ATM,Retired,2024-11-04 08:09:09,Low,Young,3.0
586.85,36.0,86.0,1.0,6655.15,2023-09-26 16:50:05,Credit,Las Vegas,49.31.186.82,Branch,Doctor,2024-11-04 08:07:18,Low,Young,3.0
372.41,55.0,143.0,1.0,3233.87,2023-06-05 17:29:48,Debit,Charlotte,6.204.110.7,Online,Doctor,2024-11-04 08:09:17,Low,Young,0.0
408.19,26.0,241.0,1.0,6847.47,2023-02-27 16:47:50,Debit,Colorado Springs,201.114.165.141,ATM,Engineer,2024-11-04 08:10:45,Low,Young,3.0
157.7,58.0,46.0,1.0,8332.58,2023-06-13 16:24:43,Debit,San Antonio,193.217.248.188,Online,Retired,2024-11-04 08:10:57,Low,Young,3.0
186.6,18.0,139.0,1.0,9716.68,2023-02-20 16:08:48,Debit,Detroit,27.215.118.94,ATM,Retired,2024-11-04 08:10:23,Low,Young,3.0
226.66,41.0,168.0,1.0,10216.25,2023-08-14 16:36:43,Debit,Mesa,5.50.152.168,ATM,Doctor,2024-11-04 08:12:10,Low,Young,3.0
214.83,23.0,63.0,1.0,991.6900000000005,2023-06-05 17:48:07,Credit,Omaha,21.97.154.92,Branch,Doctor,2024-11-04 08:08:17,Low,Young,3.0
194.99,34.0,91.0,1.0,1370.0299999999997,2023-07-25 18:04:46,Credit,Chicago,190.164.160.79,Branch,Retired,2024-11-04 08:06:48,Low,Young,3.0
233.44,20.0,297.0,1.0,1691.88,2023-07-31 17:46:50,Debit,Fresno,121.67.144.20,ATM,Retired,2024-11-04 08:11:07,Low,Young,0.0
79.75999999999999,68.0,115.0,1.0,10278.75,2023-08-28 17:32:47,Credit,Sacramento,136.172.149.77,Online,Doctor,2024-11-04 08:09:11,Low,Young,3.0
328.34,42.0,31.0,1.0,2840.45,2023-09-14 17:25:49,Debit,Memphis,193.108.17.115,Online,Retired,2024-11-04 08:12:14,Low,Young,3.0
74.04000000000002,18.0,66.0,1.0,1690.23,2023-08-21 18:07:14,Debit,Phoenix,180.224.54.115,Branch,Engineer,2024-11-04 08:11:33,Low,Young,3.0
590.01,29.0,140.0,3.0,9791.74,2023-12-19 16:39:57,Credit,Columbus,145.246.171.225,Branch,Doctor,2024-11-04 08:08:17,Low,Young,3.0
148.00000000000003,20.0,35.0,1.0,1488.65,2023-03-10 16:40:00,Credit,Austin,155.164.18.235,Branch,Doctor,2024-11-04 08:10:42,Low,Young,3.0
22.25999999999999,19.0,56.0,1.0,5583.88,2023-05-08 16:31:56,Credit,San Antonio,40.10.25.102,Online,Retired,2024-11-04 08:06:24,Low,Young,0.0
38.81,25.0,145.0,1.0,1619.6,2023-10-19 18:11:23,Debit,Kansas City,35.73.67.98,Branch,Doctor,2024-11-04 08:09:23,Low,Young,3.0
76.50999999999999,49.0,120.0,4.0,9475.4,2023-11-28 16:55:41,Credit,Jacksonville,155.37.19.43,Branch,Doctor,2024-11-04 08:10:43,Low,Young,3.0
35.05000000000001,30.0,105.0,1.0,14330.47,2023-05-29 18:55:01,Credit,Dallas,1.98.25.114,ATM,Doctor,2024-11-04 08:09:14,Low,Young,3.0
275.46,36.0,67.0,1.0,9697.75,2023-09-11 16:16:06,Credit,Portland,195.164.171.146,ATM,Retired,2024-11-04 08:06:54,Low,Young,3.0
10.769999999999982,31.0,178.0,1.0,10704.95,2023-05-29 16:17:37,Debit,Baltimore,23.163.145.195,Branch,Doctor,2024-11-04 08:06:42,Low,Young,3.0
21.410000000000025,57.0,99.0,1.0,658.9099999999999,2023-09-01 16:12:35,Credit,Houston,130.92.201.49,Branch,Retired,2024-11-04 08:09:08,Low,Young,3.0
466.64,58.0,11.0,1.0,10915.11,2023-07-27 16:55:39,Debit,New York,73.54.203.165,ATM,Engineer,2024-11-04 08:09:19,Low,Young,3.0
460.09,35.0,146.0,3.0,6990.64,2023-08-21 17:43:17,Credit,Mesa,73.108.76.238,Branch,Retired,2024-11-04 08:08:12,Low,Young,3.0
471.88,34.0,141.0,1.0,14833.34,2023-06-30 16:57:37,Credit,Seattle,193.83.0.183,Online,Retired,2024-11-04 08:09:49,Low,Young,3.0
83.79000000000002,57.0,47.0,1.0,5061.3,2023-05-25 16:16:02,Debit,Kansas City,49.174.157.140,Branch,Doctor,2024-11-04 08:12:05,Low,Young,3.0
135.85,57.0,269.0,1.0,1480.3900000000003,2023-12-05 16:32:49,Debit,New York,207.157.126.125,Online,Retired,2024-11-04 08:08:46,Low,Young,3.0
647.85,36.0,121.0,1.0,13779.97,2023-08-21 17:32:04,Debit,Colorado Springs,116.106.207.139,Branch,Retired,2024-11-04 08:08:29,Low,Young,3.0
75.04000000000002,49.0,178.0,1.0,9648.6,2023-11-29 16:11:50,Debit,San Jose,5.74.9.122,Online,Engineer,2024-11-04 08:10:19,Low,Young,3.0
888.57,62.0,102.0,1.0,7896.14,2023-02-27 16:02:00,Debit,Virginia Beach,156.134.123.253,Online,Retired,2024-11-04 08:12:12,Low,Young,3.0
575.62,43.0,129.0,1.0,234.40999999999985,2023-07-28 16:03:27,Debit,Washington,125.225.212.244,ATM,Retired,2024-11-04 08:08:19,Low,Young,3.0
84.88999999999999,37.0,70.0,1.0,4735.61,2023-08-01 17:18:04,Credit,Colorado Springs,77.7.223.184,Branch,Retired,2024-11-04 08:06:56,Low,Young,3.0
71.29000000000002,68.0,55.0,2.0,7225.63,2023-03-22 16:18:37,Debit,Fresno,98.39.212.221,Branch,Doctor,2024-11-04 08:11:48,Low,Young,3.0
642.53,65.0,128.0,1.0,11417.91,2023-03-08 17:07:21,Debit,San Diego,189.198.67.252,Online,Retired,2024-11-04 08:08:42,Low,Young,3.0
130.4,45.0,63.0,1.0,4381.24,2023-11-03 18:37:18,Debit,Fort Worth,158.129.49.240,Online,Engineer,2024-11-04 08:12:18,Low,Young,3.0
88.38,30.0,138.0,1.0,3707.82,2023-05-16 16:57:35,Debit,Memphis,141.169.67.34,Branch,Retired,2024-11-04 08:12:07,Low,Young,3.0
100.26999999999998,79.0,51.0,1.0,4309.9,2023-08-14 16:01:02,Debit,Sacramento,107.247.202.71,ATM,Retired,2024-11-04 08:12:23,Low,Young,3.0
1156.18,52.0,40.0,1.0,836.6900000000005,2023-03-20 16:29:02,Credit,Sacramento,179.132.235.182,Online,Engineer,2024-11-04 08:08:47,Low,Young,3.0
192.73,71.0,157.0,1.0,2037.75,2023-02-27 17:06:57,Credit,Raleigh,8.244.162.185,Branch,Doctor,2024-11-04 08:12:09,Low,Young,3.0
11.569999999999993,56.0,64.0,1.0,2061.61,2023-11-08 18:32:44,Debit,Mesa,147.234.20.46,ATM,Doctor,2024-11-04 08:11:01,Low,Young,3.0
86.41,75.0,125.0,1.0,3128.71,2023-10-16 17:08:36,Debit,Columbus,6.234.101.35,Branch,Engineer,2024-11-04 08:10:05,Low,Young,3.0
82.67000000000002,26.0,46.0,1.0,290.59000000000015,2023-10-09 17:23:21,Debit,New York,157.130.28.27,Online,Engineer,2024-11-04 08:11:57,Low,Young,3.0
350.72,28.0,48.0,1.0,1982.9,2023-06-20 17:07:05,Debit,San Jose,73.108.76.238,Online,Doctor,2024-11-04 08:10:18,Low,Young,3.0
3.8000000000000114,65.0,174.0,1.0,5766.96,2023-03-10 16:35:33,Debit,Oklahoma City,53.131.194.183,Branch,Retired,2024-11-04 08:10:23,Low,Young,3.0
767.1399999999999,62.0,38.0,1.0,4732.57,2023-07-14 16:22:54,Debit,Chicago,172.184.35.29,Branch,Retired,2024-11-04 08:09:07,Low,Young,3.0
332.33,27.0,101.0,1.0,192.6300000000001,2023-02-09 17:46:49,Debit,Seattle,155.37.19.43,Branch,Doctor,2024-11-04 08:10:23,Low,Young,1.0
219.02,54.0,68.0,1.0,7375.73,2023-09-27 16:25:38,Debit,Las Vegas,57.166.147.242,Online,Doctor,2024-11-04 08:09:31,Low,Young,3.0
1432.02,60.0,138.0,1.0,4315.07,2023-01-16 18:02:19,Credit,Miami,172.111.76.65,ATM,Retired,2024-11-04 08:06:30,Low,Young,0.0
139.69,52.0,180.0,1.0,9567.94,2023-03-02 16:06:18,Debit,Oklahoma City,107.247.202.71,Branch,Engineer,2024-11-04 08:06:45,Low,Young,3.0
112.72,31.0,17.0,1.0,9630.0,2023-02-09 16:29:06,Debit,Dallas,49.31.186.82,Online,Retired,2024-11-04 08:08:53,Low,Young,3.0
568.88,19.0,105.0,1.0,1307.8599999999997,2023-02-06 18:39:23,Debit,Memphis,6.204.110.7,Online,Doctor,2024-11-04 08:10:40,Low,Young,3.0
590.57,79.0,93.0,1.0,3224.6,2023-03-07 16:51:37,Debit,Charlotte,180.224.54.115,Branch,Retired,2024-11-04 08:12:17,Low,Young,3.0
917.81,64.0,75.0,2.0,3173.17,2023-05-22 17:59:02,Credit,Seattle,44.197.126.59,Online,Retired,2024-11-04 08:10:38,Low,Young,3.0
173.6,21.0,160.0,1.0,421.4399999999996,2023-11-24 16:45:11,Debit,Los Angeles,211.45.75.44,Branch,Retired,2024-11-04 08:07:34,Low,Young,3.0
149.4,53.0,123.0,1.0,1035.2199999999998,2023-12-22 17:08:55,Debit,Memphis,10.191.172.154,Branch,Retired,2024-11-04 08:07:29,Low,Young,3.0
724.18,41.0,134.0,1.0,10922.78,2023-03-06 16:12:45,Debit,Louisville,76.136.92.235,Branch,Doctor,2024-11-04 08:08:33,Low,Young,3.0
39.40999999999997,25.0,132.0,1.0,921.9099999999999,2023-11-17 16:50:08,Debit,Miami,138.87.180.254,Online,Retired,2024-11-04 08:11:04,Low,Young,0.0
74.26999999999998,59.0,148.0,1.0,13696.61,2023-04-17 16:53:29,Debit,Jacksonville,168.55.199.214,ATM,Engineer,2024-11-04 08:10:13,Low,Young,3.0
138.81999999999996,77.0,53.0,1.0,3100.2200000000003,2023-06-23 17:38:26,Debit,Sacramento,170.154.69.105,Online,Doctor,2024-11-04 08:06:32,Low,Young,3.0
471.75,34.0,41.0,1.0,12948.5,2023-12-18 18:26:07,Credit,Baltimore,200.136.146.93,ATM,Retired,2024-11-04 08:11:53,Low,Young,3.0
48.05000000000001,27.0,38.0,1.0,5334.97,2023-11-27 18:01:47,Credit,Austin,10.144.131.89,ATM,Engineer,2024-11-04 08:10:57,Low,Young,3.0
293.54,40.0,45.0,1.0,2290.1,2023-12-26 16:08:51,Debit,Baltimore,65.164.3.100,ATM,Retired,2024-11-04 08:09:59,Low,Young,3.0
743.03,50.0,174.0,1.0,4111.38,2023-05-10 17:05:08,Debit,Philadelphia,219.193.239.152,ATM,Engineer,2024-11-04 08:09:38,Low,Young,3.0
124.22,23.0,172.0,1.0,9695.04,2023-02-22 17:33:56,Credit,Fort Worth,86.83.61.143,Branch,Retired,2024-11-04 08:10:53,Low,Young,3.0
302.82,36.0,175.0,1.0,9384.54,2023-08-28 17:56:39,Debit,San Jose,143.212.47.226,ATM,Retired,2024-11-04 08:08:54,Low,Young,3.0
1647.7400000000002,67.0,52.0,1.0,1483.8400000000001,2023-07-18 18:06:23,Debit,Detroit,151.247.130.190,Branch,Engineer,2024-11-04 08:08:35,Low,Young,3.0
256.3,53.0,172.0,1.0,4203.05,2023-01-17 16:53:08,Debit,Raleigh,200.13.225.150,Online,Engineer,2024-11-04 08:08:06,Low,Young,3.0
847.45,28.0,175.0,1.0,422.3199999999997,2023-04-18 17:17:37,Debit,Raleigh,151.247.130.190,ATM,Doctor,2024-11-04 08:12:11,Low,Young,3.0
21.269999999999982,62.0,114.0,1.0,7392.79,2023-03-20 17:21:43,Debit,Memphis,146.69.70.214,ATM,Retired,2024-11-04 08:06:44,Low,Young,3.0
76.01999999999998,34.0,189.0,1.0,14765.41,2023-11-07 18:57:13,Debit,Fort Worth,174.61.77.54,Branch,Retired,2024-11-04 08:08:54,Low,Young,3.0
451.68,33.0,15.0,1.0,4381.54,2023-07-24 16:14:05,Debit,Milwaukee,165.38.56.205,Online,Retired,2024-11-04 08:11:15,Low,Young,3.0
355.0,26.0,33.0,1.0,185.47000000000025,2023-10-18 16:44:36,Debit,San Antonio,186.54.68.246,ATM,Retired,2024-11-04 08:11:27,Low,Young,3.0
28.779999999999973,40.0,51.0,1.0,680.5500000000002,2023-08-28 16:02:11,Debit,Albuquerque,198.39.35.23,ATM,Doctor,2024-11-04 08:09:04,Low,Young,3.0
27.279999999999973,29.0,96.0,1.0,10668.24,2023-06-22 16:05:35,Debit,Atlanta,115.241.186.164,Online,Engineer,2024-11-04 08:10:27,Low,Young,3.0
46.110000000000014,33.0,233.0,1.0,5225.73,2023-06-08 16:26:48,Debit,Tucson,97.106.5.76,ATM,Retired,2024-11-04 08:08:03,Low,Young,3.0
787.4100000000001,25.0,39.0,1.0,300.8699999999999,2023-09-11 17:52:59,Debit,Las Vegas,1.198.76.182,ATM,Retired,2024-11-04 08:08:23,Low,Young,3.0
31.69999999999999,48.0,121.0,1.0,743.8999999999996,2023-07-27 17:51:27,Credit,Oklahoma City,221.23.158.87,ATM,Doctor,2024-11-04 08:08:19,Low,Young,3.0
22.30000000000001,21.0,90.0,1.0,1200.3500000000004,2023-07-10 16:41:50,Debit,Denver,43.98.242.106,ATM,Retired,2024-11-04 08:07:38,Low,Young,3.0
211.69,30.0,111.0,1.0,6412.85,2023-02-03 16:30:45,Credit,Nashville,4.101.189.38,Online,Engineer,2024-11-04 08:11:17,Low,Young,3.0
278.23,48.0,83.0,1.0,8300.54,2023-09-21 16:05:38,Debit,Charlotte,187.52.200.18,Online,Retired,2024-11-04 08:11:53,Low,Young,3.0
328.77,39.0,247.0,1.0,6967.03,2023-03-10 17:34:34,Debit,Phoenix,110.64.1.201,Online,Retired,2024-11-04 08:09:47,Low,Young,3.0
313.69,73.0,152.0,1.0,7093.68,2023-02-27 16:07:57,Credit,Austin,200.13.225.150,Branch,Retired,2024-11-04 08:07:01,Low,Young,0.0
145.4,38.0,24.0,1.0,5244.49,2023-02-22 16:42:17,Debit,Houston,166.79.195.157,Branch,Doctor,2024-11-04 08:06:52,Low,Young,3.0
282.65,35.0,161.0,1.0,13801.15,2023-01-09 16:12:00,Debit,Fort Worth,39.163.103.27,ATM,Doctor,2024-11-04 08:09:42,Low,Young,3.0
279.3,19.0,48.0,1.0,1193.6099999999992,2023-06-05 17:48:33,Debit,Chicago,93.146.251.20,Online,Retired,2024-11-04 08:08:22,Low,Young,3.0
18.560000000000002,49.0,161.0,1.0,4230.37,2023-10-23 16:27:20,Debit,Sacramento,11.3.59.231,ATM,Doctor,2024-11-04 08:07:10,Low,Young,3.0
11.019999999999982,19.0,280.0,1.0,964.79,2023-11-28 16:17:29,Credit,Sacramento,152.140.239.181,ATM,Engineer,2024-11-04 08:06:34,Low,Young,3.0
101.23000000000002,45.0,87.0,1.0,6169.71,2023-09-01 16:19:43,Debit,Indianapolis,150.83.4.238,ATM,Retired,2024-11-04 08:09:55,Low,Young,3.0
692.55,53.0,109.0,1.0,2451.56,2023-06-06 17:56:44,Debit,Los Angeles,57.141.198.111,ATM,Doctor,2024-11-04 08:06:33,Low,Young,3.0
169.28,45.0,114.0,1.0,5128.44,2023-12-25 17:01:44,Debit,Denver,195.164.171.146,Online,Retired,2024-11-04 08:09:23,Low,Young,3.0
991.82,43.0,300.0,1.0,3493.13,2023-09-29 18:23:17,Debit,Omaha,89.237.88.251,ATM,Retired,2024-11-04 08:06:28,Low,Young,0.0
26.5,48.0,179.0,1.0,4854.83,2023-01-09 17:15:18,Debit,Milwaukee,193.217.248.188,Online,Retired,2024-11-04 08:09:09,Low,Young,3.0
55.99000000000001,35.0,95.0,1.0,932.6099999999997,2023-03-15 17:45:31,Debit,Tucson,69.160.14.157,ATM,Retired,2024-11-04 08:10:22,Low,Young,3.0
659.71,21.0,148.0,1.0,106.85999999999967,2023-01-25 17:46:40,Debit,Los Angeles,170.54.231.239,ATM,Engineer,2024-11-04 08:11:41,Low,Young,3.0
373.52,35.0,235.0,1.0,6430.41,2023-08-07 17:42:03,Credit,Atlanta,101.90.40.193,ATM,Doctor,2024-11-04 08:08:31,Low,Young,3.0
112.27000000000001,58.0,102.0,1.0,7369.89,2023-04-06 16:59:33,Debit,Columbus,61.95.76.233,ATM,Engineer,2024-11-04 08:07:05,Low,Young,3.0
440.94,42.0,148.0,1.0,7303.23,2023-09-18 16:27:52,Debit,Colorado Springs,72.192.101.196,Online,Retired,2024-11-04 08:08:09,Low,Young,3.0
256.66,54.0,137.0,1.0,1794.5,2023-02-14 17:56:46,Debit,Denver,104.155.121.252,Branch,Retired,2024-11-04 08:10:09,Low,Young,3.0
166.55,59.0,99.0,1.0,12970.21,2023-02-20 17:28:57,Debit,Miami,41.110.46.150,ATM,Doctor,2024-11-04 08:08:19,Low,Young,3.0
33.629999999999995,63.0,76.0,1.0,4324.4,2023-01-03 17:33:54,Debit,Portland,48.89.167.189,ATM,Retired,2024-11-04 08:11:16,Low,Young,3.0
71.87,22.0,258.0,1.0,1839.1,2023-03-15 17:27:37,Debit,Austin,156.173.170.140,ATM,Doctor,2024-11-04 08:11:19,Low,Young,3.0
71.34,49.0,144.0,3.0,6345.03,2023-09-08 18:16:31,Debit,Chicago,136.105.231.135,Branch,Retired,2024-11-04 08:11:09,Low,Young,3.0
736.53,55.0,120.0,1.0,9826.26,2023-05-08 17:44:34,Debit,San Jose,193.209.134.233,ATM,Doctor,2024-11-04 08:12:04,Low,Young,3.0
3.6499999999999773,69.0,146.0,1.0,10017.11,2023-06-12 18:56:58,Debit,Austin,194.88.79.54,Branch,Doctor,2024-11-04 08:09:32,Low,Young,3.0
613.7,61.0,37.0,1.0,7307.11,2023-01-12 16:35:36,Credit,San Diego,197.52.3.107,Online,Engineer,2024-11-04 08:09:57,Low,Young,3.0
344.27,22.0,123.0,1.0,1918.3599999999997,2023-05-15 16:35:43,Debit,Fort Worth,194.88.79.54,ATM,Retired,2024-11-04 08:06:36,Low,Young,3.0
28.439999999999998,18.0,243.0,1.0,1071.04,2023-05-29 16:40:15,Debit,Raleigh,73.108.76.238,Branch,Doctor,2024-11-04 08:06:44,Low,Young,3.0
31.529999999999973,25.0,283.0,1.0,874.9300000000003,2023-01-06 17:23:59,Debit,Fort Worth,31.75.105.19,ATM,Doctor,2024-11-04 08:07:11,Low,Young,3.0
111.66,48.0,140.0,1.0,5716.72,2023-09-20 17:44:37,Debit,Washington,113.137.153.101,Online,Retired,2024-11-04 08:06:42,Low,Young,3.0
554.15,49.0,108.0,1.0,14817.22,2023-12-20 16:17:11,Debit,Mesa,66.255.7.16,Online,Engineer,2024-11-04 08:11:43,Low,Young,3.0
598.66,32.0,222.0,1.0,2587.11,2023-06-05 16:02:04,Debit,Raleigh,71.93.189.160,Branch,Retired,2024-11-04 08:10:24,Low,Young,3.0
28.379999999999995,55.0,98.0,1.0,173.69999999999982,2023-04-17 17:58:55,Debit,Raleigh,173.135.78.201,ATM,Retired,2024-11-04 08:10:24,Low,Young,3.0
50.99000000000001,29.0,76.0,1.0,1334.6,2023-11-29 16:27:38,Debit,Fort Worth,5.50.152.168,Online,Doctor,2024-11-04 08:08:19,Low,Young,3.0
299.92,27.0,122.0,1.0,1368.0,2023-07-19 16:11:01,Debit,Washington,146.250.144.172,ATM,Retired,2024-11-04 08:11:08,Low,Young,3.0
18.350000000000023,21.0,78.0,1.0,1293.3900000000003,2023-10-04 17:06:57,Debit,San Jose,197.23.128.119,ATM,Doctor,2024-11-04 08:09:49,Low,Young,3.0
398.36,22.0,56.0,1.0,1863.6999999999998,2023-01-09 16:21:35,Credit,Oklahoma City,8.244.162.185,Branch,Retired,2024-11-04 08:11:10,Low,Young,3.0
37.579999999999984,57.0,182.0,1.0,259.4399999999996,2023-06-23 16:12:15,Debit,San Antonio,163.69.89.200,ATM,Engineer,2024-11-04 08:08:24,Low,Young,3.0
434.17,21.0,148.0,5.0,5335.44,2023-10-16 18:57:30,Debit,New York,145.179.219.57,ATM,Retired,2024-11-04 08:06:59,Low,Young,3.0
23.24000000000001,68.0,129.0,1.0,13777.79,2023-09-12 18:52:56,Debit,Washington,63.67.150.226,Online,Doctor,2024-11-04 08:12:18,Low,Young,3.0
181.81,78.0,122.0,1.0,7525.73,2023-06-12 16:25:22,Credit,Chicago,201.95.180.152,Branch,Retired,2024-11-04 08:07:59,Low,Young,3.0
757.79,22.0,117.0,1.0,1443.02,2023-02-13 17:13:49,Debit,Omaha,69.160.14.157,Online,Retired,2024-11-04 08:06:49,Low,Young,3.0
122.81,52.0,12.0,1.0,8450.84,2023-04-25 18:47:16,Debit,Houston,189.248.139.91,ATM,Retired,2024-11-04 08:08:39,Low,Young,3.0
24.860000000000014,58.0,292.0,1.0,2591.65,2023-04-21 16:25:49,Credit,Austin,111.226.226.202,Branch,Retired,2024-11-04 08:07:30,Low,Young,3.0
320.93,55.0,178.0,1.0,9451.66,2023-08-22 18:41:50,Credit,Raleigh,40.226.196.34,ATM,Engineer,2024-11-04 08:10:03,Low,Young,3.0
12.939999999999998,23.0,158.0,1.0,921.2299999999996,2023-08-07 17:29:48,Debit,Miami,3.70.1.133,ATM,Retired,2024-11-04 08:11:19,Low,Young,3.0
54.34,65.0,46.0,1.0,8019.89,2023-12-18 16:25:18,Debit,Philadelphia,189.183.50.147,Branch,Doctor,2024-11-04 08:12:02,Low,Young,3.0
633.87,27.0,175.0,1.0,330.15999999999985,2023-02-22 17:15:20,Credit,Raleigh,213.15.9.253,Online,Retired,2024-11-04 08:06:38,Low,Young,3.0
83.94999999999999,75.0,170.0,1.0,7413.18,2023-12-29 16:45:06,Credit,Jacksonville,10.223.224.50,Online,Retired,2024-11-04 08:11:11,Low,Young,3.0
172.68,33.0,17.0,1.0,10724.95,2023-02-20 16:16:39,Credit,Fresno,27.93.195.98,Online,Engineer,2024-11-04 08:11:26,Low,Young,3.0
27.939999999999998,79.0,120.0,1.0,1893.44,2023-10-06 18:59:06,Credit,Sacramento,61.95.76.233,Branch,Engineer,2024-11-04 08:06:47,Low,Young,3.0
270.36,25.0,37.0,1.0,1783.04,2023-12-20 16:17:24,Debit,Milwaukee,138.220.61.84,ATM,Engineer,2024-11-04 08:08:00,Low,Young,3.0
506.03,21.0,21.0,1.0,1123.8900000000008,2023-03-22 16:03:01,Debit,Austin,93.160.83.196,Branch,Retired,2024-11-04 08:08:32,Low,Young,3.0
46.120000000000005,59.0,30.0,1.0,8874.01,2023-06-26 18:41:55,Debit,New York,47.82.77.181,Branch,Retired,2024-11-04 08:06:32,Low,Young,3.0
556.04,72.0,27.0,1.0,5200.04,2023-06-26 18:51:31,Credit,Miami,77.92.193.22,Branch,Retired,2024-11-04 08:09:33,Low,Young,3.0
74.11000000000001,22.0,49.0,1.0,1257.9,2023-01-11 17:04:19,Debit,Jacksonville,111.226.226.202,Branch,Doctor,2024-11-04 08:10:08,Low,Young,1.0
291.27,77.0,121.0,1.0,6878.86,2023-12-07 16:10:40,Debit,Tucson,19.20.13.234,Branch,Retired,2024-11-04 08:08:35,Low,Young,3.0
148.77,67.0,175.0,1.0,2138.42,2023-05-02 17:24:54,Debit,Los Angeles,8.136.178.116,ATM,Doctor,2024-11-04 08:06:39,Low,Young,3.0
583.3,59.0,142.0,1.0,5896.01,2023-09-11 16:36:59,Debit,Philadelphia,10.144.131.89,ATM,Doctor,2024-11-04 08:08:37,Low,Young,3.0
8.449999999999989,22.0,141.0,1.0,1115.3000000000002,2023-09-21 17:41:34,Debit,Colorado Springs,111.226.226.202,Branch,Retired,2024-11-04 08:07:52,Low,Young,3.0
85.73000000000002,41.0,266.0,1.0,14928.35,2023-11-23 17:42:11,Credit,Washington,51.250.46.149,Online,Retired,2024-11-04 08:06:37,Low,Young,3.0
555.71,22.0,73.0,1.0,830.3699999999999,2023-03-07 16:36:08,Debit,Chicago,197.23.128.119,Online,Doctor,2024-11-04 08:11:40,Low,Young,3.0
264.14,64.0,125.0,1.0,8459.26,2023-09-12 17:21:48,Debit,Atlanta,221.169.49.152,Branch,Retired,2024-11-04 08:11:54,Low,Young,3.0
42.09,29.0,118.0,1.0,5526.28,2023-10-16 16:49:07,Debit,Tucson,159.37.30.154,ATM,Doctor,2024-11-04 08:07:20,Low,Young,3.0
303.43,22.0,30.0,1.0,1833.2399999999998,2023-12-11 16:37:20,Debit,Nashville,211.97.88.141,Online,Retired,2024-11-04 08:12:01,Low,Young,3.0
34.670000000000016,19.0,71.0,1.0,888.6000000000004,2023-12-18 16:33:07,Debit,Boston,172.111.76.65,ATM,Retired,2024-11-04 08:09:08,Low,Young,0.0
14.0,49.0,173.0,1.0,7975.18,2023-04-11 16:37:54,Debit,Fresno,210.228.226.64,ATM,Doctor,2024-11-04 08:07:06,Low,Young,3.0
40.89999999999998,55.0,37.0,1.0,1514.3400000000001,2023-10-16 17:12:32,Debit,Dallas,37.213.85.222,ATM,Doctor,2024-11-04 08:07:16,Low,Young,3.0
17.79000000000002,61.0,162.0,5.0,2281.9,2023-10-06 18:26:45,Debit,Boston,65.124.242.67,Online,Engineer,2024-11-04 08:06:24,Low,Young,3.0
164.52,61.0,162.0,1.0,11036.74,2023-07-24 16:01:27,Debit,San Francisco,109.211.212.135,Online,Engineer,2024-11-04 08:11:15,Low,Young,3.0
418.02,46.0,110.0,1.0,11011.86,2023-08-10 17:08:52,Credit,Kansas City,32.71.250.58,Branch,Doctor,2024-11-04 08:07:23,Low,Young,3.0
73.82999999999998,69.0,69.0,1.0,6020.29,2023-07-10 16:34:43,Credit,Nashville,136.250.159.93,Online,Retired,2024-11-04 08:11:34,Low,Young,0.0
54.80000000000001,34.0,140.0,1.0,4943.49,2023-02-03 16:06:00,Debit,Fort Worth,13.149.61.4,ATM,Doctor,2024-11-04 08:10:23,Low,Young,3.0
31.389999999999986,20.0,15.0,1.0,998.4899999999998,2023-03-09 18:04:32,Debit,Phoenix,29.168.185.63,Branch,Engineer,2024-11-04 08:11:49,Low,Young,3.0
137.81,58.0,44.0,1.0,2631.47,2023-05-22 16:41:12,Debit,Atlanta,188.205.152.176,Branch,Doctor,2024-11-04 08:09:13,Low,Young,0.0
133.07,21.0,155.0,1.0,1670.9899999999998,2023-04-12 17:54:47,Debit,Detroit,39.129.125.110,Branch,Doctor,2024-11-04 08:10:03,Low,Young,0.0
256.34,69.0,99.0,1.0,7471.63,2023-03-06 16:37:23,Debit,Houston,102.203.223.1,Branch,Doctor,2024-11-04 08:12:15,Low,Young,3.0
684.96,21.0,31.0,1.0,526.6700000000001,2023-08-11 17:27:16,Debit,New York,100.4.40.132,Branch,Engineer,2024-11-04 08:10:28,Low,Young,3.0
637.48,65.0,207.0,1.0,4148.85,2023-04-17 16:12:22,Debit,Las Vegas,198.73.211.114,ATM,Retired,2024-11-04 08:11:35,Low,Young,3.0
505.6,52.0,183.0,1.0,5347.57,2023-03-15 16:16:53,Debit,Charlotte,205.45.234.42,ATM,Retired,2024-11-04 08:10:47,Low,Young,3.0
201.5,61.0,196.0,1.0,12148.32,2023-11-16 17:26:37,Debit,Virginia Beach,210.98.198.143,ATM,Engineer,2024-11-04 08:07:27,Low,Young,3.0
7.610000000000014,50.0,163.0,1.0,6275.0,2023-06-28 17:47:15,Credit,Indianapolis,160.65.101.37,Branch,Engineer,2024-11-04 08:08:36,Low,Young,3.0
558.86,60.0,95.0,1.0,9844.32,2023-12-12 17:20:46,Debit,Albuquerque,156.187.182.236,ATM,Retired,2024-11-04 08:11:40,Low,Young,3.0
429.15,26.0,218.0,1.0,712.1300000000001,2023-02-13 16:44:51,Debit,Charlotte,201.95.180.152,Branch,Engineer,2024-11-04 08:09:48,Low,Young,3.0
144.1,57.0,30.0,1.0,11523.64,2023-08-25 17:47:07,Debit,Denver,113.201.172.36,ATM,Retired,2024-11-04 08:08:49,Low,Young,3.0
77.82999999999998,49.0,146.0,1.0,2471.53,2023-05-10 17:02:51,Debit,Phoenix,16.128.130.153,ATM,Engineer,2024-11-04 08:09:49,Low,Young,3.0
868.05,49.0,119.0,1.0,3931.03,2023-09-18 16:40:55,Debit,San Diego,145.179.219.57,ATM,Doctor,2024-11-04 08:07:00,Low,Young,3.0
384.11,58.0,12.0,1.0,7902.52,2023-01-26 18:07:00,Credit,Kansas City,113.201.172.36,Online,Retired,2024-11-04 08:11:08,Low,Young,3.0
40.829999999999984,48.0,24.0,1.0,3944.12,2023-08-28 17:59:32,Debit,Houston,124.6.134.78,Branch,Retired,2024-11-04 08:11:21,Low,Young,3.0
95.35,21.0,131.0,1.0,1639.9,2023-03-20 17:25:15,Debit,Baltimore,170.225.23.251,Branch,Retired,2024-11-04 08:10:57,Low,Young,3.0
233.71,19.0,297.0,1.0,1231.98,2023-07-04 16:21:12,Credit,Denver,82.75.200.117,Online,Doctor,2024-11-04 08:07:22,Low,Young,1.0
742.26,27.0,36.0,1.0,7868.19,2023-02-27 17:52:43,Debit,Tucson,180.224.54.115,Branch,Doctor,2024-11-04 08:06:42,Low,Young,3.0
837.29,25.0,216.0,1.0,6012.67,2023-02-13 16:03:33,Credit,Phoenix,109.42.41.157,Online,Doctor,2024-11-04 08:09:08,Low,Young,3.0
185.1,53.0,23.0,1.0,6115.63,2023-03-17 17:03:03,Debit,Detroit,90.111.245.138,Branch,Doctor,2024-11-04 08:10:37,Low,Young,3.0
223.22,27.0,96.0,1.0,1734.2200000000003,2023-06-08 16:20:29,Debit,Fresno,203.245.215.62,Online,Retired,2024-11-04 08:06:47,Low,Young,3.0
27.439999999999998,62.0,164.0,1.0,5950.48,2023-05-25 16:27:17,Credit,Oklahoma City,101.90.40.193,Branch,Doctor,2024-11-04 08:12:21,Low,Young,1.0
845.14,73.0,183.0,1.0,1702.65,2023-12-06 16:42:18,Debit,El Paso,136.172.149.77,ATM,Retired,2024-11-04 08:08:28,Low,Young,0.0
79.20999999999998,56.0,140.0,1.0,1615.04,2023-03-02 16:41:57,Debit,Colorado Springs,113.115.81.178,ATM,Doctor,2024-11-04 08:06:36,Low,Young,3.0
422.81,28.0,193.0,1.0,1929.2799999999997,2023-11-03 16:08:00,Credit,Tucson,117.67.192.211,Online,Retired,2024-11-04 08:11:08,Low,Young,3.0
584.88,26.0,121.0,1.0,548.4499999999998,2023-10-11 17:36:16,Debit,Indianapolis,47.82.77.181,Branch,Retired,2024-11-04 08:07:37,Low,Young,3.0
14.160000000000025,74.0,290.0,1.0,5399.76,2023-07-18 17:56:55,Debit,San Jose,86.220.59.252,Online,Engineer,2024-11-04 08:10:58,Low,Young,3.0
431.22,73.0,129.0,1.0,6505.98,2023-05-22 17:41:48,Credit,Fort Worth,58.1.27.124,Online,Engineer,2024-11-04 08:07:08,Low,Young,3.0
17.430000000000007,56.0,33.0,1.0,10658.88,2023-09-26 16:15:36,Debit,Dallas,145.76.10.8,ATM,Doctor,2024-11-04 08:10:49,Low,Young,3.0
